{"cameraMode":{"drawMode":0,"name":"Shaded","section":"Shading Mode"},"sceneLighting":true,"audioPlay":false,"sceneViewState":{"m_AlwaysRefresh":false,"showFog":true,"showSkybox":true,"showFlares":true,"showImageEffects":true,"showParticleSystems":true,"showVisualEffectGraphs":true,"m_FxEnabled":true},"in2DMode":false,"pivot":{"x":10.718379974365235,"y":1.2760844230651856,"z":-5.199999809265137},"rotation":{"x":0.16673173010349275,"y":0.12534554302692414,"z":-0.02137432061135769,"w":0.9777705073356628},"size":22.372821807861329,"orthographic":true}