{"cameraMode":{"drawMode":0,"name":"Shaded","section":"Shading Mode"},"sceneLighting":false,"audioPlay":false,"sceneViewState":{"m_AlwaysRefresh":false,"showFog":true,"showSkybox":false,"showFlares":true,"showImageEffects":true,"showParticleSystems":true,"showVisualEffectGraphs":true,"m_FxEnabled":true},"in2DMode":false,"pivot":{"x":17.739299774169923,"y":2.287167549133301,"z":2.7126598358154299},"rotation":{"x":-0.15755537152290345,"y":0.8261297941207886,"z":-0.28187212347984316,"w":-0.46177682280540469},"size":10.224593162536621,"orthographic":false}